"product","total_revenue","number_of_orders","avg_order_value"
"Chair",195620.11,178,1098.9893820224719101
"Printer",195612.61,181,1080.7326519337016575
"Laptop",192126.56,173,1110.5581502890173410
"Tablet",186568.95,179,1042.2846368715083799
"Monitor",175651.41,163,1077.6160122699386503
"Desk",167459.93,170,985.0584117647058824
"Phone",151722.39,156,972.5794230769230769
