"paymentmethod","number_of_orders","total_revenue","avg_order_value"
"Credit Card",234,263847.63,1127.5539743589743590
"Online",258,262442.94,1017.2206976744186047
"Cash",246,259786.29,1056.0418292682926829
"Gift Card",230,246323.92,1070.9735652173913043
"Debit Card",232,232361.18,1001.5568103448275862
